{
    "Status": {
        "Health": 100,
        "UnlockSkillNum": 1
    },
    "RespawnPosition": {
        "x": -0.5699999928474426,
        "y": -8.960000038146973,
        "z": -2.559999942779541
    },
    "RespawnRotation": {
        "x": 0.0,
        "y": 0.3826834261417389,
        "z": 0.0,
        "w": 0.9238795638084412
    },
    "DeathNum": 119
}