{
    "Status": {
        "Health": 100,
        "UnlockSkillNum": 2
    },
    "RespawnPosition": {
        "x": 0.08876705169677735,
        "y": -0.030864596366882325,
        "z": 9.297468185424805
    },
    "RespawnRotation": {
        "x": 0.0,
        "y": 0.3826834261417389,
        "z": 0.0,
        "w": 0.9238795638084412
    },
    "DeathNum": 8
}